asset_id,logical_role,state,source_type,source_url,license,ai_tool,prompt_log,human_edits,safety_review,runtime_path,dimensions,bytes,hash,status
bg-living-entry-no-towel-v2,living exploration background,decorative towel removed,ai-generated from original,,project-use pending contest terms,image_gen built-in,production/game/prompts/living-room-no-towel-v2.md,copied unchanged after user approval,background only,webgame-prototype/assets/masters/stage-1/backgrounds/bg-living-entry-no-towel-v2.png,1672x941,,,prototype-art-approved
bg-stove-controls-v4,kitchen exploration and closeup background,stove off with visible controls,ai-generated from original,,project-use pending contest terms,image_gen built-in,production/game/prompts/kitchen-style-matched-controls-v2.md,copied unchanged after user approval,no ignition behavior added final safety review pending,webgame-prototype/assets/masters/stage-1/backgrounds/bg-stove-controls-v4.png,1672x941,,,prototype-art-approved
kgs-official-signature,official CI source,original SVG,official download,https://www.kgs.or.kr/asset/img/comm/logo.svg,official CI contest-use scope pending,none,production/game/qa/mascot-official-logo-2026-09-03.md,unaltered source,not safety-significant,webgame-prototype/assets/masters/kgs-official-signature.svg,,,,prototype-rights-review
mascot-guide-logo-v1,mascot scarf logo,guide,original PNG plus official SVG,https://www.kgs.or.kr/kgs/adcc/view.do,character and CI final permission pending,none,production/game/qa/mascot-official-logo-2026-09-03.md,vector overlay without repainting,not safety-significant,webgame-prototype/assets/common/mascots/mascot-somyeongi-guide-logo-v1.svg,,,,prototype-user-review
mascot-question-logo-v1,mascot scarf logo,question,original PNG plus official SVG,https://www.kgs.or.kr/kgs/adcc/view.do,character and CI final permission pending,none,production/game/qa/mascot-official-logo-2026-09-03.md,vector overlay without repainting,not safety-significant,webgame-prototype/assets/common/mascots/mascot-somyeongi-question-logo-v1.svg,,,,prototype-user-review
mascot-caution-logo-v1,mascot scarf logo,caution,original PNG plus official SVG,https://www.kgs.or.kr/kgs/adcc/view.do,character and CI final permission pending,none,production/game/qa/mascot-official-logo-2026-09-03.md,vector overlay without repainting,not safety-significant,webgame-prototype/assets/common/mascots/mascot-somyeongi-caution-logo-v1.svg,,,,prototype-user-review
mascot-success-logo-v1,mascot scarf logo,success,original PNG plus official SVG,https://www.kgs.or.kr/kgs/adcc/view.do,character and CI final permission pending,none,production/game/qa/mascot-official-logo-2026-09-03.md,vector overlay without repainting,not safety-significant,webgame-prototype/assets/common/mascots/mascot-somyeongi-success-logo-v1.svg,,,,prototype-user-review
mascot-exit-logo-v1,mascot scarf logo,exit,original PNG plus official SVG,https://www.kgs.or.kr/kgs/adcc/view.do,character and CI final permission pending,none,production/game/qa/mascot-official-logo-2026-09-03.md,vector overlay without repainting,not safety-significant,webgame-prototype/assets/common/mascots/mascot-somyeongi-exit-logo-v1.svg,,,,prototype-user-review
mascot-title-logo-v1,mascot scarf logo,title,original PNG plus official SVG,https://www.kgs.or.kr/kgs/adcc/view.do,character and CI final permission pending,none,production/game/qa/mascot-official-logo-2026-09-03.md,vector overlay without repainting,not safety-significant,webgame-prototype/assets/common/mascots/mascot-somyeongi-title-logo-v1.svg,,,,prototype-user-review
mascot-ending-logo-v1,mascot scarf logo,ending,derived PNG from approved SVG,https://www.kgs.or.kr/kgs/adcc/view.do,character and CI final permission pending,sharp,production/game/qa/mascot-official-logo-2026-09-03.md,rasterized approved mascot and exact official logo overlay,not safety-significant,webgame-prototype/assets/common/mascots/mascot-somyeongi-ending-logo-v1.png,612x720,322983,33c066cd2c299cd5ae203d5ca15155cc209711e534dda311067b86dbd8428d63,prototype-user-review
mascot-guide-refresh-v1,guide mascot concept,greeting with blank scarf,AI reference generation,production/game/concepts/mascot-guide-refresh-v1.png,prototype-only final character permission pending,image_gen,production/game/prompts/mascot-guide-refresh-v1.md,native copy; official logo pending,not safety-significant,,,,,concept-user-review
kitchen-style-matched-controls-v2,kitchen style-matched concept,stove off with four controls,AI reference-guided generation,production/game/concepts/kitchen-style-matched-controls-v2.png,project-use pending contest terms,image_gen,production/game/prompts/kitchen-style-matched-controls-v2.md,native output copied; previous rejected concept not used,final safety review pending,,1672x941,,,concept-user-review
kitchen-fresh-controls-v1,kitchen fresh concept,stove off with distinct controls,AI new generation,,project-use pending contest terms,image_gen,production/game/prompts/kitchen-fresh-controls-v1.md,native output copied; no paintover,final safety review pending,,1672x941,,,concept-user-review
kitchen-stove-knobs-v1,kitchen appearance concept,stove off with four controls,AI edit,production/game/concepts/kitchen-stove-knobs-v1.png,project-use pending contest terms,image_gen,production/game/prompts/kitchen-stove-knobs-v1.md,non-destructive concept copy,final safety review pending,,1672x941,,4cc0936a703ea5a8a9f1eef96147c85b5d96e2a5a2bf4eeff9efa524e47ea6ca,concept-user-review
bg-stove-counter-basket-v3,kitchen background,counter basket,AI edit,production/game/concepts/kitchen-counter-basket-layout-v3.png,project-use pending contest terms,image_gen,production/game/prompts/kitchen-counter-basket-layout-v3.md,user approved layout; runtime copy,final safety review pending,webgame-prototype/assets/masters/bg-stove-counter-basket-v3.png,1672x941,1643506,d046bc471885acd8cb46046503d6f99227068e32ffb1b5ed6ae4449d80533b77,prototype-layout-approved
title-start-alpha-v1,start title,static,AI plus mask,ui-title-pair-concept-v4.png,project-use pending contest terms,image_gen; Pillow,production/game/prompts/title-image-assets-v1.md,alpha silhouette masking,text unchanged,webgame-prototype/assets/masters/common/ui/title-start-alpha-v1.png,1676x683,1320551,c3bfeb49c849d518c27b6d9092f29e10322fae55003b9092659d0c25f91cbb3d,prototype-review
title-result-alpha-v1,result title,static,AI plus mask,ui-title-pair-concept-v4.png,project-use pending contest terms,image_gen; Pillow,production/game/prompts/title-image-assets-v1.md,alpha silhouette masking,text unchanged,webgame-prototype/assets/masters/common/ui/title-result-alpha-v1.png,2005x453,972487,a9307357e4a89da852a4a6d8d915ce270ce50e4ea4fdfa020cb3fd4f1ede9ed8,prototype-review
title-ending-mission-alpha-v1,result title,static,AI plus edge-connected chroma mask,title-result-alpha-v1.png,project-use pending contest terms,image_gen; sharp,production/game/prompts/title-ending-mission-alpha-v1.md,edge-connected chroma removal; internal green check preserved,not safety-significant,webgame-prototype/assets/masters/common/ui/title-ending-mission-alpha-v1.png,2116x407,1310530,ff262eee42b22d22b0941b1cbe82e3094b0e82a9feb7bd46e644e631fd13ba79,prototype-review
music-ending-walking-toward-sun,ending background music,ending,user-supplied local audio,,rights confirmation required before submission,none,,wired to non-looping result-screen playback,not safety-significant,webgame-prototype/assets/common/audio/Walking_Toward_The_Sun.mp3,,2240158,208c51f32d89a0d089e79625fbb0fa85ae13cf9294b4cb451896d4a7b95fb312,prototype-user-review
prop-valve-handle-alpha-v2,rotatable valve handle,vertical source pose,deterministic alpha mask,stove-front-props-preview-v1.png,project-use pending contest terms,image_gen original; Pillow masking,production/game/prompts/valve-handle-alpha-v2.md,manual silhouette alpha; original RGB; centered pivot,state and direction pending safety review,,224x224,,5f9985075309fb1834d1115e2866a91b106c433df77880d2a1c726d21976019a,prototype-user-review
prop-towel-draped-alpha-v1,interactive towel,draped transparent,deterministic mask of AI image,towel-extraction-rejected-v1.png,project-use pending contest terms,image_gen original; Pillow masking,production/game/prompts/stove-prop-extraction-attempt-v1.md,exterior neutral flood mask and 1px edge contraction; RGB unchanged,final placement pending,,1536x1024,1390884,dfb6fbb88f8b374b46c92b82366852c4c32b5b97ad0c9c2a439282c75f9f1929,prototype-user-review
stove-front-props-preview-v1,kitchen composite appearance preview,towel on off stove and lever attached,ai-generated edit,bg-stove-front-interaction-v1.png,project-use pending contest terms,image_gen built-in,production/game/prompts/stove-front-props-preview-v1.md,copied native output not yet separated,valve state and geometry pending safety review,,1672x941,1562146,5750317514049a69c27793b6b57540bcf8814c38e2eb412cb12c9781b782724d,draft-user-review
bg-stove-front-interaction-v1,front stove interaction background,no towel or valve handle,ai-generated from kitchen reference,bg-kitchen-map-clean-v1.png,project-use pending contest terms,image_gen built-in,production/game/prompts/stove-front-interaction-v1.md,copied native output,pipe valve geometry and final composite review required,,1672x941,1620283,6ea641647595ad77eaa77003ef4c6805dc0d899923ea3388f205e8cb5a7f50b6,draft-user-review
bg-kitchen-map-clean-v1,separate kitchen map,clean no interactive props,ai-generated from approved living map,bg-living-entry-map-v1.png,project-use pending contest terms,image_gen built-in,production/game/prompts/kitchen-map-clean-v1.md,copied native output,stove off; later safety prop composite pending,,1672x941,1714573,e30e531e6586c2c8f756f875977f9e25898493895b51ca8ac42b1b602037756b,candidate-user-review
bg-living-entry-map-v1,living entry separate map,clean without butane,ai-generated from title reference,bg-title-entry-v2.png,project-use pending contest terms,image_gen built-in,production/game/prompts/living-entry-map-v1.md,copied native output to masters,no safety action depicted; future prop composition pending,,1672x941,1790605,f32bb3076a9267e5bf7e053daf56b7dafe0ad100361ff0acb0105cc2f11fa593,candidate-user-review
bg-room-clean-memo-v1,exploration clean background,no valve towel or butane,ai-generated from project references,existing room composition and title v2 style,project-use pending contest terms,image_gen built-in,production/game/prompts/main-room-clean-memo-v1.md,fresh generation copied without resampling,stove off and no interactive safety props; final composite pending,,1672x941,1951274,80aea88df53e758b588560e14f8f4ecf3f1f0fa5ec18d1c103861cfea7c42919,candidate-user-review
bg-title-entry-v2,title screen background,closed entry with living room and kitchen,ai-generated,,project-use pending contest terms,image_gen built-in,production/game/prompts/title-screen-separated-v2.md,fresh generation copied without resampling,no safety action depicted,webgame-prototype/assets/common/backgrounds/bg-title-entry-v2.png,1672x941,1705579,2b4bf5d01612787ab653d430dd08832e476c30533e621721cc468d8dc161f371,prototype-review-pending
mascot-somyeongi-title-v2,title screen mascot,travel suitcase pose,ai-generated from existing mascot,existing prototype mascot,prototype-only final permission pending,image_gen built-in,production/game/prompts/title-screen-separated-v2.md,generated then alpha extraction,not safety-significant,webgame-prototype/assets/runtime/mascot-somyeongi-title-v2.png,1206x1305,930272,4eaa83a0c38b5a34be49f9189bc5e2529a139c758116e02a65366943eabb14e2,prototype-review-pending
bg-title-entry-v1,title screen background,open entry,ai-generated,,project-use pending contest terms,image_gen built-in,production/game/prompts/title-screen-separated-v1.md,selected fresh generation and copied PNG,no safety action depicted,webgame-prototype/assets/runtime/backgrounds/bg-title-entry-v1.png,1672x941,1480271,0ecf13f2736c2ee0cc9885141f9807b7f10e0e920d68a7ede3c1c06a0d319fe8,prototype-review-pending
mascot-somyeongi-title-v1,title screen mascot,greeting,ai-generated from existing mascot,existing prototype mascot,prototype-only final character permission pending,image_gen built-in,production/game/prompts/title-screen-separated-v1.md,checkerboard output rejected then alpha extraction selected,not safety-significant,webgame-prototype/assets/runtime/mascot-somyeongi-title-v1.png,1240x1269,908564,91cc2e41929c3663d91da76e4114ba41fd551f9bfe9289b1230fd987e3030694,prototype-review-pending
mascot-guide-neutral,guide mascot,neutral,ai-generated,,project-use pending contest terms,image_gen built-in,production/game/prompts/mascot-guide-neutral.txt,pending,not safety-significant,pending,pending,pending,pending,draft
mascot-somyeongi-guide,prototype guide mascot,neutral greeting,ai-generated from user-supplied official-character references,"user-provided reference images; official KGS social posts",prototype-only; final reuse and AI-derivative permission pending,image_gen built-in,production/game/prompts/mascot-somyeongi-guide.txt,"selected v1; copied master to runtime without optimization",not safety-significant,webgame-prototype/assets/runtime/mascot-somyeongi-guide-v1.png,1230x1278,893090,765596da537f3eb27633645a78eba791fd6f8c315b8d076fd2606fed1a09dfef,prototype-approved
bg-room-day,living room and kitchen background,day base,ai-generated,,project-use pending contest terms,image_gen built-in,production/game/prompts/bg-room-day.txt,selected edited v1,background approved; interactive props separate,webgame-prototype/assets/masters/bg-room-day-master-v1.png,1672x941,1846617,5563855bc4d99ff10a205aecce3e94b2d8839dc327f95c937974e53d84297bff,master-approved
bg-valve-cabinet-closeup,valve mission background,base without valve,ai-generated,,project-use pending contest terms,image_gen built-in,production/game/prompts/asset-batch-v1.md,selected v1,safety prop not embedded,webgame-prototype/assets/masters/bg-valve-cabinet-closeup-v1.png,1672x941,1750413,3ae0179a3efa2edc087fb85178666a64aa5c1184bb28ded4271e116063a36d6d,master-approved
bg-stove-counter-closeup,towel mission background,stove off base,ai-generated,,project-use pending contest terms,image_gen built-in,production/game/prompts/asset-batch-v1.md,selected v1,stove visibly off,webgame-prototype/assets/masters/bg-stove-counter-closeup-v1.png,1672x941,1703748,2decfd9e91a65055f9dc372f3ac66fc21d86f93723cd92517fd7e955c1c07f29,master-approved
bg-butane-floor-closeup,butane discovery background,base without can,ai-generated,,project-use pending contest terms,image_gen built-in,production/game/prompts/asset-batch-v1.md,selected v1,safety prop not embedded,webgame-prototype/assets/masters/bg-butane-floor-closeup-v1.png,1672x941,1844112,f6a1e8a016a832493082781258f725a143c1177b9a513feaaa1028707b2683c1,master-approved
bg-outdoor-ventilated,butane processing background,day base,ai-generated,,project-use pending contest terms,image_gen built-in,production/game/prompts/asset-batch-v1.md,selected v1,open air and no heat source,webgame-prototype/assets/masters/bg-outdoor-ventilated-v1.png,1672x941,1782230,4ff3441e2c61983bf674daee8991a64e493b7595ea5020e9c90f2394d06fa06b,master-approved
bg-entry-open,exit background,door open,ai-generated,,project-use pending contest terms,image_gen built-in,production/game/prompts/asset-batch-v1.md,selected v1,not safety-significant,webgame-prototype/assets/masters/bg-entry-open-v1.png,1672x941,1541954,bb688e6229c3bc289b8d115f1513b117b6fd2ba3bb611080fd1e95c2501c6d94,master-approved
bg-result-celebration,result background,success,planned,,,,production/game/scene-asset-map.md,pending,pending,pending,pending,pending,pending,planned
prop-valve-open,valve safety prop,open draft,ai-generated,,project-use pending contest terms,image_gen built-in,production/game/prompts/asset-batch-v2.md,"checkerboard extracted to RGBA; selected as geometry master",safety review required,webgame-prototype/assets/masters/prop-valve-open-draft-v1.png,1122x1402,410696,7efcb9ab6b3e9a31b222638a2e9bfb4d8245f33d6e70a284e1caeee7b7563b7d,draft
prop-valve-closed,valve safety prop,closed draft,ai-generated,,project-use pending contest terms,image_gen built-in,production/game/prompts/asset-batch-v2.md,"90-degree state generated; geometry differs from open master",revise before safety approval,webgame-prototype/assets/masters/prop-valve-closed-draft-v1.png,1024x1536,1126924,1838bcd4a70c4e4481f5a26933c65e7fc07915ad1da7acabf6b0fa1519d75c3a,revise
prop-stove,gas stove,off only,planned,,,,production/game/scene-asset-map.md,pending,required,pending,pending,pending,pending,planned
prop-towel,towel safety prop,folded reusable master,ai-generated,,project-use pending contest terms,image_gen built-in,production/game/prompts/asset-batch-v2.md,selected RGBA v1,approved rule depiction; final composite pending,webgame-prototype/assets/masters/prop-towel-folded-v1.png,1536x1024,1463526,8b621ba1bf2cf3e59c14bf448045b7151b7893b943c94288755a9d3244eab79e,master-approved
prop-basket,safe storage basket,empty reusable master,ai-generated,,project-use pending contest terms,image_gen built-in,production/game/prompts/asset-batch-v2.md,"checkerboard extracted to RGBA; towel layered in code",approved as safe storage not trash,webgame-prototype/assets/masters/prop-basket-empty-v1.png,1536x1024,1735864,0ba424b9ac186c373d75f386be031b39b7d35567feaea006f7ca34bebef6b09b,master-approved
prop-butane,used butane can,intact reusable master,ai-generated,,project-use pending contest terms,image_gen built-in,production/game/prompts/asset-batch-v2.md,"checkerboard extracted to RGBA; inverted state uses same sprite via CSS",safety review required for nozzle-step composition,webgame-prototype/assets/masters/prop-butane-used-v1.png,1536x1024,1546736,7802e8d9420bd7e02bb85763be8fbf49f44cd5ccd57ea4d3d102cc425cf252c1,draft
prop-door,entry door,closed and open,planned,,,,production/game/scene-asset-map.md,pending,not safety-significant,pending,pending,pending,pending,planned
mascot-somyeongi-question,prototype guide mascot,question,ai-generated from references,"user-provided references",prototype-only; final permission pending,image_gen built-in,production/game/prompts/asset-batch-v1.md,selected v1,not safety-significant,webgame-prototype/assets/masters/mascot-somyeongi-question-v1.png,1224x1285,873181,45e7c14952f427a914d75f489b9e9c82ca7ef165c476b3be539efa03c993c37b,prototype-approved
mascot-somyeongi-caution,prototype guide mascot,caution,ai-generated from references,"user-provided references",prototype-only; final permission pending,image_gen built-in,production/game/prompts/asset-batch-v1.md,selected v1,not safety-significant,webgame-prototype/assets/masters/mascot-somyeongi-caution-v1.png,1199x1312,863420,d64594a57f655a1b49a29d5fef5eb645eeec1c7decc8d97f1e6b6bb36c2ab4ff,prototype-approved
mascot-somyeongi-success,prototype guide mascot,success,ai-generated from references,"user-provided references",prototype-only; final permission pending,image_gen built-in,production/game/prompts/asset-batch-v1.md,selected v1,not safety-significant,webgame-prototype/assets/masters/mascot-somyeongi-success-v1.png,1157x1360,947418,aa3abbdbb2fecef0c5500617152d0ad22932b043fbb8150ed48e4cef4c927a76,prototype-approved
mascot-somyeongi-exit,prototype guide mascot,exit walking,ai-generated and background extracted,"user-provided references",prototype-only; final permission pending,image_gen built-in,production/game/prompts/asset-batch-v1.md,"checkerboard variants rejected; alpha cutout selected",not safety-significant,webgame-prototype/assets/masters/mascot-somyeongi-exit-v1.png,1214x1295,863766,390de732a1c86818febf55bdaf656e61a75640c35dcc1a56cbdb3ab331927b9e,prototype-approved
bg-room-hazards-integrated,retired main exploration background,three hazards integrated,ai-generated composite,,project-use pending contest terms,image_gen built-in,production/game/prompts/main-room-integrated-patches-v1.md,"retired after rectangular state seams; master retained",valve and butane depiction require final safety review,webgame-prototype/assets/masters/bg-room-hazards-integrated-prototype-v1.png,1280x720,1293756,94779cb708805f6e54fad62d4f8d6e3005d2c70d15ef31232e9449925bd8577d,retired-master
patch-room-valve-solved,retired main room state patch,valve solved prototype,ai-generated edit,,project-use pending contest terms,image_gen built-in,production/game/prompts/main-room-integrated-patches-v1.md,deleted after rectangular seam review,safety review required before final locked-state approval,,1280x720,60022,3e1687d7bb43f1908bbf97ddd2df699d56a91d019f80ad0beac332c96efc1a44,retired
patch-room-towel-solved,retired main room state patch,towel removed from heat area,ai-generated edit,,project-use pending contest terms,image_gen built-in,production/game/prompts/main-room-integrated-patches-v1.md,deleted after rectangular seam review,approved rule depiction,,1280x720,75216,428d1c13444266bb09072457c76d674caa96b4b14a930fc68f8dd0c7abab16a9,retired
patch-room-butane-solved,retired main room state patch,butane removed from indoor scene,ai-generated edit,,project-use pending contest terms,image_gen built-in,production/game/prompts/main-room-integrated-patches-v1.md,deleted after rectangular seam review,indoor removal approved,,1280x720,106108,adc5720c3c1f39354d23ac2ccca3128ff206bc3d9931d51edae9c9edbfda2acb,retired
bg-room-clean-v2,retired main exploration clean background,no hazards,ai-generated source resize,,project-use pending contest terms,image_gen built-in,production/game/prompts/main-room-transparent-sprites-v2.md,deleted after paired-scene art direction replaced it,background only,,1280x720,1230940,2a58c23130c778ba3815532160ea9cebaa7be0305c20e76f94e31e3f0ee12fe5,retired
prop-valve-main-open-v2,retired main exploration valve,open prototype,ai-generated transparent sprite,,project-use pending contest terms,image_gen built-in,production/game/prompts/main-room-transparent-sprites-v2.md,deleted after visual mismatch review,safety review required before final state approval,,228x512,67071,7e08b96f8e9b5751f3ca1328409bdb5b4cc5b269c87fa09b4519865dd355e322,retired
prop-valve-main-closed-v2,retired main exploration valve,closed prototype,ai-generated transparent sprite,,project-use pending contest terms,image_gen built-in,production/game/prompts/main-room-transparent-sprites-v2.md,deleted after visual mismatch review,safety review required before final state approval,,228x512,70504,48ec8d4898a810544e2dd8bf52fadadd3df8eadbd3f3016d3fa3fee2c44b1ff0,retired
prop-towel-main-v2,retired main exploration towel,near stove,ai-generated transparent sprite,,project-use pending contest terms,image_gen built-in,production/game/prompts/main-room-transparent-sprites-v2.md,deleted after visual mismatch review,approved rule depiction,,512x288,167753,5197be0d088b55e4f27d569486d56f18f38064978441a0ed52423bb2ce317af7,retired
prop-butane-main-v2,retired main exploration butane can,indoor discovery,ai-generated transparent sprite,,project-use pending contest terms,image_gen built-in,production/game/prompts/main-room-transparent-sprites-v2.md,deleted after visual mismatch review,indoor placement visual review pending,,512x311,160314,36d521940606284316f3081c760ba95d3fd4b1575924601a094567bc9053333b,retired
bg-room-layered-unsafe-v3,main exploration paired scene,three unresolved hazards,ai-generated precise edit,,project-use pending contest terms,image_gen built-in,production/game/prompts/main-room-paired-scenes-v3.md,"selected paired scene; master-resolution WebP q88",valve and butane depiction require final safety review,webgame-prototype/assets/stage-1/backgrounds/bg-room-layered-unsafe-hd-v3.webp,1672x941,178054,423d5c5736d8b12fa3a5563e707b096c339ff76c7983f45c02d2327ea660f2a0,prototype
bg-room-layered-solved-v3,main exploration paired scene,closed valve and removed movable hazards,ai-generated precise edit,,project-use pending contest terms,image_gen built-in,production/game/prompts/main-room-paired-scenes-v3.md,"selected paired scene; master-resolution WebP q88; CSS soft masks",valve state requires final safety review,webgame-prototype/assets/stage-1/backgrounds/bg-room-layered-solved-hd-v3.webp,1672x941,163186,96c79700606cbf857c7bc787cf932e842963a2b7bfc35238206aaeb41dc408a0,draft
bg-valve-wall-handleless-v3,valve mission paired background,handle removed,ai-generated precise edit,,project-use pending contest terms,image_gen built-in,production/game/prompts/main-room-paired-scenes-v3.md,master-resolution WebP q88,valve state requires final safety review,webgame-prototype/assets/stage-1/backgrounds/bg-valve-wall-handleless-v3.webp,1672x941,83802,412129b931da1d17da8c856f9a47d5b47d81bdc3b725f9cd1f8c02850f5ea7ba,draft
bg-towel-counter-clean-v3,towel mission paired background,towel removed and stove off,ai-generated precise edit,,project-use pending contest terms,image_gen built-in,production/game/prompts/main-room-paired-scenes-v3.md,master-resolution WebP q88,approved rule depiction,webgame-prototype/assets/stage-1/backgrounds/bg-towel-counter-clean-v3.webp,1672x941,87740,4e9c6cd323d95c62b6eb1807a58b711501abed6e9aa32583b4c6ed8666bcf027,prototype
bg-butane-floor-clean-v3,butane mission paired background,can removed,ai-generated precise edit,,project-use pending contest terms,image_gen built-in,production/game/prompts/main-room-paired-scenes-v3.md,master-resolution WebP q88,indoor pickup depiction approved,webgame-prototype/assets/stage-1/backgrounds/bg-butane-floor-clean-v3.webp,1672x941,135576,d252307d38c7723355847373e1b7324d3afee03e97436091c3b7051ac5e089b1,prototype
prop-valve-handle-scene-v3,valve mission handle,open prototype,scene-derived masked PNG,,project-use pending contest terms,Pillow mask,production/game/prompts/main-room-paired-scenes-v3.md,extracted from matching closeup,valve state requires final safety review,webgame-prototype/assets/stage-1/props/prop-valve-handle-scene-v3.png,100x270,39553,7f397b87ce69eae71499b0f07e044a5a48ec750a8f293be4d7c8703c58f4322e,draft
prop-butane-scene-v3,butane mission movable prop,intact used can,scene-derived masked PNG,,project-use pending contest terms,Pillow mask,production/game/prompts/main-room-paired-scenes-v3.md,extracted from matching closeup,nozzle step remains approved only in verified sequence,webgame-prototype/assets/stage-1/props/prop-butane-scene-v3.png,430x260,170093,67d4420644590e99ae29ab5355dbd1d405877ab48192d3329b40ce5f636a0035,prototype
prop-butane-red-v4,butane mission movable prop,intact used can horizontal and rotatable,ai-generated then deterministic background mask,,project-use pending contest terms,image_gen built-in + Pillow mask,production/game/prompts/butane-carry-flow-assets-v4.md,"user chose red body; checkerboard removed; transparent bounds cropped",nozzle orientation requires final safety review,webgame-prototype/assets/stage-1/props/prop-butane-red-v4.png,982x571,579145,0ad43c8fe13b5c8be79fca2e70393fa1d290f36088967ef8080b17f0eb22b29b,draft
bg-outdoor-open-walkway-v2,butane outdoor interaction background,open-air exterior walkway and landscaped courtyard,ai-generated,,project-use pending contest terms,image_gen built-in,production/game/prompts/butane-carry-flow-assets-v4.md,"selected after interview; JPEG q88 runtime",approved location context; no heat source or electrical device,webgame-prototype/assets/transitions/backgrounds/bg-outdoor-open-walkway-v2.jpg,1672x941,271535,23f230c627af43a18107149afc91ef3ae33d7d54e429725f96a2b3c2a111b4aa,prototype
bg-outdoor-sunset-return-v1,outing return transition background,warm sunset early evening,ai-generated lighting edit,webgame-prototype/assets/transitions/backgrounds/bg-outdoor-open-walkway-v2.jpg,project-use pending contest terms,image_gen built-in,production/game/prompts/outdoor-sunset-return-v1.md,"native PNG master preserved; JPEG q88 runtime; no repainting",not safety-significant; environment and open door preserved,webgame-prototype/assets/transitions/backgrounds/bg-outdoor-sunset-return-v1.jpg,1672x941,539547,14f1d0aaed6cfe416e62f8fb8cb71f8f13c56e610ddfdba1e42370a1a0fb1b4b,prototype-user-review
bgm-suitcase-and-sunlight,game background music,looping low-volume mix,user-created audio,webgame-prototype/assets/common/audio/Suitcase_and_Sunlight.mp3,"contest use authorized by user on 2026-09-03; creation tool metadata pending",unknown,,"linked without transcoding; volume 0.16; starts after Start gesture; shared mute control",not safety-significant,webgame-prototype/assets/common/audio/Suitcase_and_Sunlight.mp3,101.616s,2445184,97d8b14c3529a187dbc40f325da6bc07037b01b624c906d8351476c86cae44f9,prototype-provenance-pending
ui-component-system-concept-v1,UI design-system concept sheet,pre-implementation concept,ai-generated from user-provided style references,,project-use pending contest terms,image_gen built-in,production/game/prompts/ui-component-system-concept-v1.md,"flame-like can mark replaced with neutral check; selected for component interview",concept only; does not approve safety-object geometry,production/game/concepts/ui-component-system-concept-v1.png,1672x941,1727144,222b9146b801edc980076fbb6022fe2485e607a66aed50a0c6662f534a0b5a91,concept-only
ui-start-screen-concept-v2,start screen UI concept,refined single-card composition,ai-generated from current screen and style references,,project-use pending contest terms,image_gen built-in,production/game/prompts/ui-start-result-concepts-v2.md,"reduced colored slab; retained room and suitcase mascot concept",concept only; no safety-significant object state,production/game/concepts/ui-start-screen-concept-v2.png,1672x941,1705282,9ddbcdc142ed3dd1f88cbb13c2f20d0e43b9f4e0a14a6643e7eb8440bf7b202a,concept-only
ui-result-screen-concept-v2,result screen UI concept,refined single-card completion composition,ai-generated from current screen and style references,,project-use pending contest terms,image_gen built-in,production/game/prompts/ui-start-result-concepts-v2.md,"removed outer gradient slab; retained outdoor and backpack mascot concept",concept only; check labels do not approve valve geometry,production/game/concepts/ui-result-screen-concept-v2.png,1672x941,1920686,4f8552bb2069cefd59031c96effa616d234c5d63e8d7f796a525813e4861d823,concept-only
ui-start-screen-concept-v3,start screen UI theme concept,free-floating illustrated title and plaque buttons,ai-generated from current concept and user-provided style references,,project-use pending contest terms,image_gen built-in,production/game/prompts/ui-start-result-theme-concepts-v3.md,"safety-inspection identity retained; references limited to title and button visual grammar",concept only; no safety-significant object state,production/game/concepts/ui-start-screen-concept-v3.png,1672x941,1855887,ae4880c8415b4103191722e1b0c3519e214e99e9f5531bfcc0e6daf0be5391d0,concept-only
ui-result-screen-concept-v3,result screen UI theme concept,free-floating completion title badges and plaque buttons,ai-generated from current concept and user-provided style references,,project-use pending contest terms,image_gen built-in,production/game/prompts/ui-start-result-theme-concepts-v3.md,"safety-inspection completion identity retained; no firefighting or dispatch imagery",concept only; check labels do not approve valve geometry,production/game/concepts/ui-result-screen-concept-v3.png,1672x941,2172119,831a3754c57d8a3bfe94e4df93d70ba32627d4f45f05846e0802b2bd848fcfe9,concept-only
prop-can-recycling-bin-v1,retired outdoor can recycling interaction prop,three-quarter view,ai-generated transparent PNG,,project-use pending contest terms,image_gen built-in,production/game/prompts/can-recycling-bin-v1.md,"master preserved; superseded by front-facing v2 after overlap and perspective review","approved disposal sequence retained; local standards reminder required",webgame-prototype/assets/stage-1/props/prop-can-recycling-bin-v1.png,512x768,489907,c68c8e4d3e81770f0dfd1714dc57a51867699018002397967b0b6c6cbb177594,retired-prototype
prop-can-recycling-bin-front-v2,outdoor can recycling click target,front-facing opaque body,ai-generated transparent PNG,,project-use pending contest terms,image_gen built-in,production/game/prompts/can-recycling-bin-front-v2.md,"master preserved; alpha retained; high-quality resize to 512x768; runtime bottom-center adjusted to x32% y53%","approved disposal sequence retained; local standards reminder required",webgame-prototype/assets/stage-1/props/prop-can-recycling-bin-front-v2.png,512x768,385889,2a5fe85e04eb1000eaf9c03771c22104270c9787ca986249a0cf4f3bb6d9c0bb,prototype
bg-stage2-living-sunset-v1,stage 2 living room background,sunset closed-window base scene,ai-generated lighting edit,,project-use pending contest terms,image_gen built-in,production/game/prompts/stage2-sunset-backgrounds-v1.md,"master preserved; runtime converted to JPEG quality 88 at original dimensions",background only; no safety interaction depicted,webgame-prototype/assets/stage-2/backgrounds/bg-stage2-living-sunset-v1.jpg,1672x941,459639,7733ac04693f6b32f6f4b308e1d0c88adb8a4f817323fa14963994e84f39b504,prototype-art-approved
bg-stage2-kitchen-sunset-v1,stage 2 kitchen background,sunset base scene with stove off and pipe unchanged,ai-generated lighting edit,,project-use pending contest terms,image_gen built-in,production/game/prompts/stage2-sunset-backgrounds-v1.md,"master preserved; runtime converted to JPEG quality 88 at original dimensions","stove remains off; pipe state unchanged; interactions pending safety approval",webgame-prototype/assets/stage-2/backgrounds/bg-stage2-kitchen-sunset-v1.jpg,1672x941,374917,8db69534433d38a371521e5a2949b9b2988cdeb7c185b4b0cbbf5dad4b484e7c,prototype-art-approved
bg-stage2-living-window-open-v1,stage 2 living room opened-window state,sunset window open,ai-generated precise edit,webgame-prototype/assets/masters/stage-2/backgrounds/bg-stage2-living-sunset-v1.png,project-use pending contest terms,image_gen built-in,production/game/prompts/stage2-window-open-v1.md,"left living-room window opened; master preserved; JPEG runtime created; all gas equipment unchanged","natural-ventilation depiction uses GS-LEAK-01; final Stage 2 flow review pending",webgame-prototype/assets/stage-2/backgrounds/bg-stage2-living-window-open-v1.jpg,1672x941,406575,6a1b908508f4031fee76cb3355beea91dfca24abbedf1f988f691051094160347,prototype
bg-stage2-living-sunset-windowless-v1,stage 2 living room background,windowless layered-scene base,ai-generated precise edit,webgame-prototype/assets/stage-2/backgrounds/bg-stage2-living-sunset-v1.jpg,project-use pending contest terms,image_gen built-in,production/game/prompts/window-component-backgrounds-v1.md,"single-pass removal of the complete left window and curtain assembly; PNG master preserved; JPEG runtime quality 88; full canvas and sunset room composition retained",background only; no safety interaction depicted,webgame-prototype/assets/stage-2/backgrounds/bg-stage2-living-sunset-windowless-v1.jpg,1672x941,385100,caf1ab07b667c11a9f4ddf2338842ae853a8575669ac099614d72f2cef41a7d3,prototype-art-review
prop-stage2-window-closed-inplace-v1,stage 2 closed window interaction layer,closed window with tied curtains,ai-generated extraction,webgame-prototype/assets/stage-2/backgrounds/bg-stage2-living-sunset-v1.jpg,project-use pending contest terms,image_gen built-in,production/game/prompts/stage2-window-separated-v1.md,"removed baked checker background and rod-gap residue; normalized to original scene region; retained full-canvas alpha for zero-offset compositing",closed-window visual only; ventilation interaction behavior remains subject to Stage 2 safety-flow review,webgame-prototype/assets/stage-2/props/prop-window-closed-inplace-v1.png,1672x941,285324,71fd67a5b0e0df3e816177f0c267d22de254f3820c6269927e5dee4483582680,prototype-art-approved
bg-living-entry-windowless-v1,stage 1 living exploration background,windowless layered-scene base,ai-generated precise edit,webgame-prototype/assets/masters/stage-1/backgrounds/bg-living-entry-no-towel-v2.png,project-use pending contest terms,image_gen built-in,production/game/prompts/window-component-backgrounds-v1.md,"single-pass removal of the complete left window and curtain assembly; full PNG master and daytime room composition retained",background only; no window interaction in Stage 1,webgame-prototype/assets/masters/stage-1/backgrounds/bg-living-entry-windowless-v1.png,1672x941,1669726,2280b51f681346807c02ae1c4731d719efdeaebcb663a8094d1ef5b47d55c2dc,prototype-art-review
prop-window-casement-wall-perspective-states-v4,shared living-room window component,wall-aligned closed and outward-open curtainless casement state sheet,ai-generated chroma-key sprite sheet,"webgame-prototype/assets/stage-2/backgrounds/bg-stage2-living-sunset-v1.jpg; webgame-prototype/assets/masters/stage-1/backgrounds/bg-living-entry-windowless-v1.png; webgame-prototype/assets/stage-2/backgrounds/bg-stage2-living-window-open-v1.jpg",project-use pending contest terms,image_gen built-in,production/game/prompts/window-component-backgrounds-v1.md,"single generation for both states; approximately six-degree wall-aligned convergence; deterministic sharp chroma-to-alpha conversion; no raster stretching",natural-ventilation depiction supports GS-LEAK-01; final Stage 2 flow review pending,webgame-prototype/assets/common/props/prop-window-casement-wall-perspective-states-v4.png,1672x941,1968282,2e4f7ccdf83b410e065e4ca9a2cb93372cdec5c7e4dd4c3ccb67d61a0434579f,prototype-art-review
prop-window-casement-wall-perspective-closed-v4,shared living-room window component,wall-aligned closed curtainless casement window,derived from v4 state sheet,webgame-prototype/assets/common/props/prop-window-casement-wall-perspective-states-v4.png,project-use pending contest terms,image_gen built-in,production/game/prompts/window-component-backgrounds-v1.md,"left cell extracted by computed alpha bounds; transparent chroma removed with sharp",closed-window visual only,webgame-prototype/assets/common/props/prop-window-casement-wall-perspective-closed-v4.png,682x743,755695,b83043fb4364f8564b527a543181e6227c421f6cc9144bba7bb07e1511659617,prototype-art-review
prop-window-casement-wall-perspective-open-v4,shared living-room window component,wall-aligned outward-open curtainless casement window,derived from v4 state sheet,webgame-prototype/assets/common/props/prop-window-casement-wall-perspective-states-v4.png,project-use pending contest terms,image_gen built-in,production/game/prompts/window-component-backgrounds-v1.md,"right cell extracted by computed alpha bounds; transparent chroma removed with sharp",natural-ventilation depiction supports GS-LEAK-01; final Stage 2 flow review pending,webgame-prototype/assets/common/props/prop-window-casement-wall-perspective-open-v4.png,687x743,788074,879a4375b8ced1ecf0e960e35425b0d481c012b76d335f6b34ff98b21bea2960,prototype-art-review
bg-window-view-day-v1,shared living-room window exterior,daytime Korean residential neighborhood view,ai-generated raster,webgame-prototype/assets/masters/stage-1/backgrounds/bg-living-entry-no-towel-v2.png,project-use pending contest terms,image_gen built-in,production/game/prompts/window-exterior-views-v1.md,"generated as scenery-only master; sharp resize and JPEG quality 86",background scenery only; no safety interaction depicted,webgame-prototype/assets/common/backgrounds/bg-window-view-day-v1.jpg,512x768,54003,38ce9ae46c1c8ba2aad84bff46583c883f75da99a212c573dd08f6d6c8b4c39c,prototype-art-review
bg-window-view-sunset-v1,shared living-room window exterior,sunset continuity version of daytime neighborhood view,ai-generated lighting variant,"webgame-prototype/assets/masters/stage-2/backgrounds/bg-stage2-living-sunset-windowless-v1.png; bg-window-view-day-v1",project-use pending contest terms,image_gen built-in,production/game/prompts/window-exterior-views-v1.md,"same composition regenerated at sunset; sharp resize and JPEG quality 86",background scenery only; no safety interaction depicted,webgame-prototype/assets/common/backgrounds/bg-window-view-sunset-v1.jpg,512x768,59829,c0f9216c43f284ac00f7cf6565b936078baff9df48f94db5e1d464d578fa56ef,prototype-art-review
progress-window-open-v1,Stage 2 progress collection window icon,completed open-window state,deterministic resize and transparent canvas,webgame-prototype/assets/common/props/prop-window-casement-wall-perspective-open-v4.png,project-use pending contest terms,none,production/game/prompts/window-progress-asset-v1.md,"approved open-window layer proportionally resized and centered on 256x256 transparent canvas",GS-LEAK-01 same completed state as Stage 2 interaction; final safety review pending,webgame-prototype/assets/common/props/progress-window-open-v1.png,256x256,36363,8c50aa7ccf7839ab939d810b80063e4687b36db2af1474df335bc51250c80c6f,prototype-art-review
bg-stage2-kitchen-sunset-clean-v2,Stage 2 kitchen clean background,gas pipe removed for layered interaction,AI precise-object edit,webgame-prototype/assets/stage-2/backgrounds/bg-stage2-kitchen-sunset-v1.jpg,project-use pending contest terms,image_gen built-in,production/game/prompts/stage2-pipe-separated-v1.md,"generated once from original; PNG master preserved; runtime JPEG quality 88",background only; no safety interaction depicted,webgame-prototype/assets/stage-2/backgrounds/bg-stage2-kitchen-sunset-clean-v2.jpg,1672x941,156450,555c46ebe387c735bb80238fff2b705209d1584a047edd62b9ef7fcf64412c71,prototype-art-review
prop-stage2-gas-pipe-v1,Stage 2 interactive gas pipe,unmarked pipe and connection body,AI reference-guided extraction,webgame-prototype/assets/stage-2/backgrounds/bg-stage2-kitchen-sunset-v1.jpg,project-use pending contest terms,image_gen built-in,production/game/prompts/stage2-pipe-separated-v1.md,"uniform chroma source converted to alpha and trimmed with chroma-key-to-alpha.cjs; CSS supplies interaction outline",GS-LEAK-02 remains draft; no directional safety state encoded,webgame-prototype/assets/stage-2/props/prop-stage2-gas-pipe-v1.png,187x1347,292601,a860a6e3177ea1fc4f2912aa0942245eea48336241e21fdd9da7788231f88b96,prototype-art-review
prop-stage2-gas-pipe-with-handle-v1,Stage 2 shared baked gas pipe assembly,pipe with size-matched left-facing locked yellow valve handle,deterministic transparent composite,"prop-stage2-gas-pipe-v1; prop-valve-handle-alpha-v2",project-use pending contest terms,none,production/game/prompts/stage2-pipe-separated-v1.md,"existing Stage 1 handle trimmed and baked into one transparent PNG; the kitchen scene and inspection modal reuse this exact asset; CSS supplies interaction and bubble layers only",GS-LEAK-02 remains draft; locked state preserves continuity from Stage 1 and handle is not interactive,webgame-prototype/assets/stage-2/props/prop-stage2-gas-pipe-with-handle-v1.png,560x1345,345381,8db48f4b726a201f035e73f1ae77e26deafdc9cb178a2b421161a0d2f08bb8a4,prototype-art-review
bg-stage2-pipe-detail-tile-v1,Stage 2 pipe inspection modal background,empty sunset-lit peach tile wall,ai-generated raster,bg-stage2-kitchen-sunset-clean-v2.jpg,project-use pending contest terms,image_gen built-in,production/game/prompts/stage2-pipe-detail-background-v1.md,"fresh generation; PNG master preserved; runtime resized to 1400px and converted to JPEG quality 88",background only; no safety action depicted,webgame-prototype/assets/stage-2/backgrounds/bg-stage2-pipe-detail-tile-v1.jpg,1400x788,168102,977ca61fab9167f201eb502ed63699a00af7d234b63f7ae0a243b7b7462c68f6,prototype-art-review
tool-lighter-v1,Stage 2 wrong-answer tool card,closed red lighter with no flame,ai-generated transparent raster,bg-stage2-kitchen-sunset-clean-v2.jpg,project-use pending contest terms,image_gen built-in,production/game/prompts/stage2-pipe-tools-v1.md,"master preserved; runtime resized proportionally to 512px maximum edge",GS-LEAK-02 remains draft; static wrong-answer depiction only; ignition is never animated,webgame-prototype/assets/stage-2/tools/tool-lighter-v1.png,512x473,86617,43a559c8bd01cfd02e76f44e1be668467a10ad867061b875ecb7c74675eeedd9,prototype-art-review
tool-soapy-solution-v1,Stage 2 correct-answer tool card,shallow bowl of soapy inspection solution,ai-generated transparent raster,bg-stage2-kitchen-sunset-clean-v2.jpg,project-use pending contest terms,image_gen built-in,production/game/prompts/stage2-pipe-tools-v1.md,"master preserved; runtime resized proportionally to 512px maximum edge",GS-LEAK-02 remains draft; inspection method requires safety approval,webgame-prototype/assets/stage-2/tools/tool-soapy-solution-v1.png,512x341,102996,11494d31708a267156e84529ecb24cec98bb69785d7a3acf09c3b9c8898ad2a2,prototype-art-review
tool-inspection-brush-v1,Stage 2 draggable inspection tool,short wooden brush with solution-tinted bristles,ai-generated transparent raster,bg-stage2-kitchen-sunset-clean-v2.jpg,project-use pending contest terms,image_gen built-in,production/game/prompts/stage2-pipe-tools-v1.md,"master preserved; runtime resized proportionally to 384px maximum edge",GS-LEAK-02 remains draft; player applies only inspection solution and never repairs the pipe,webgame-prototype/assets/stage-2/tools/tool-inspection-brush-v1.png,384x256,44739,909f1e54886a4b64a41da20da52293f361920b769503e559048776f12e276586,prototype-art-review
prop-stage2-gas-pipe-integrated-v2,Stage 2 unified gas pipe and locked valve assembly,pipe body and left-facing yellow locked handle natively illustrated as one object,AI reference-guided generation and chroma extraction,"bg-stove-controls-v4; prop-valve-handle-alpha-v2; prop-stage2-gas-pipe-with-handle-v1",project-use pending contest terms,image_gen built-in,production/game/prompts/stage2-pipe-integrated-v2.md,"generated on uniform green; chroma-key-to-alpha.cjs converted background to actual alpha; same PNG reused across scene modal safety card and progress slot",GS-LEAK-02 remains draft; left-facing locked state preserves continuity from Stage 1 and handle is non-interactive,webgame-prototype/assets/stage-2/props/prop-stage2-gas-pipe-integrated-v2.png,384x1396,375520,47c09003120e322971ee532076f7846563b0db4a301077a7d6cfa1499aa2d181,prototype-art-review
effect-soap-normal-v1,Stage 2 normal pipe inspection effect,flat Flash-game foam strip with sparse small bubbles,AI reference-guided generation and chroma extraction,"prop-stage2-gas-pipe-integrated-v2; user foam silhouette reference",project-use pending contest terms,image_gen built-in,production/game/prompts/stage2-soap-bubble-overlays-v1.md,"regenerated in current game style on uniform green; chroma-key-to-alpha.cjs converted background to alpha; resized and palette-optimized for runtime; CSS adds sparse rising bubbles",GS-LEAK-02 remains draft; normal result must remain visually distinct from leak suspicion,webgame-prototype/assets/stage-2/effects/effect-soap-normal-v1.png,384x109,21696,68a465282908bc20237a0137ce03ff399153eb03f5fdf2d524f8fcbc1e7d9c46,prototype-art-review
effect-soap-leak-v1,Stage 2 suspected leak inspection effect,flat Flash-game dense foam mound with rising bubbles,AI reference-guided generation and chroma extraction,"prop-stage2-gas-pipe-integrated-v2; user foam silhouette reference",project-use pending contest terms,image_gen built-in,production/game/prompts/stage2-soap-bubble-overlays-v1.md,"regenerated in current game style on uniform green; chroma-key-to-alpha.cjs converted background to alpha; resized and palette-optimized for runtime; CSS adds repeated rise and subtle swelling",GS-LEAK-02 remains draft; educational suspicion feedback only with no explosion flame or gas cloud,webgame-prototype/assets/stage-2/effects/effect-soap-leak-v1.png,485x384,71656,38af6ebfffbdb9e7f1b852cee9baa543c6883a7b0d5ef5c0c3766a2b5fe01ded,prototype-art-review
bg-stage2-safety-window-wall-v3,Stage 2 safety card ventilation background,slightly wider open sunset window composition with original living-room surroundings,deterministic runtime capture,"bg-stage2-living-sunset-windowless-v1; prop-window-casement-wall-perspective-open-v4; bg-window-view-sunset-v1",project-use pending contest terms,none,production/game/prompts/stage2-safety-window-card-v3.md,"actual Stage 2 layers rendered at the canonical 1672x941 layout; wider single-image crop at 2x scale; converted to JPEG quality 88",GS-LEAK-02 remains draft; open-window ventilation state matches the Stage 2 completed interaction,webgame-prototype/assets/stage-2/backgrounds/bg-stage2-safety-window-wall-v3.jpg,1470x626,190642,d99f3d2ad6106c9044125de7e9144b22588fdd34c012427094619db0c0972e98,prototype-art-review
sfx-window-open-v1,Stage 2 window opening sound,short real window creak,Pixabay community audio,https://pixabay.com/sound-effects/film-special-effects-window-98960/,Pixabay Content License,freesound_community,,"trimmed trailing silence to 0.62s; 0.05s fade-out; loudness normalized; mono MP3 encoded at 96kbps",not safety-significant,webgame-prototype/assets/common/audio/sfx-window-open-v1.mp3,0.620s,8195,227c55485906db657228f26cd690ff81b42d6873c58cb968dc8a21caa87fedca,prototype-audio-approved
mascot-somyeongi-phone-logo-v1,Stage 2 expert inspection call mascot,full-body pale-yellow puppy holding a blue phone with project logo on scarf,AI generation and background extraction,"approved Somyeongi mascot family; project S logo",project-use pending contest terms,image_gen built-in,production/game/prompts/mascot-somyeongi-phone-logo-v1.md,"selected calm call pose; second generation pass converted baked checkerboard to true alpha; runtime and master copies retained",not safety-significant,webgame-prototype/assets/common/mascots/mascot-somyeongi-phone-logo-v1.png,1156x1360,913549,b92405981a8c5bc39c52ecd7dee8b46220580f0496f8591e59945ec835fb3556,prototype-art-approved
stage2-ending-comic-sheet-v1,Stage 2 four-panel ending concept,evening exit phone vibration expert call and completion comic page,AI reference-guided generation,"approved outdoor sunset background; phone-pose and ending-pose Somyeongi",project-use pending contest terms,image_gen built-in,production/game/prompts/stage2-ending-comic-sheet-v1.md,"selected first concept; original composite preserved; four panels cropped non-destructively for timing review",not safety-significant,production/game/concepts/stage2-ending-comic-v1/comic-sheet-v1.png,1672x941,2213489,a8c2f06abbd385b49c32198dbcf4d0bc679e24bdf0936116ec62f7f39e7e193a,concept-review
stage2-ending-scene-exit-v2,Stage 2 standalone ending exit scene,Somyeongi walks into the safe outdoor area at sunset,AI reference-guided generation,"approved sunset walkway; approved Somyeongi phone and ending poses",project-use pending contest terms,image_gen built-in,production/game/prompts/stage2-ending-standalone-scenes-v2.md,"generated independently at full 16:9; PNG master preserved; WebP quality 92 runtime",not safety-significant,webgame-prototype/assets/stage-2/ending/ending-scene-exit-v2.webp,1672x941,255420,848d4140f1def085d3f07000ff138169c91ad65e40bbccb69324f2acbe13a9d4,prototype-art-review
stage2-ending-scene-call-v2,Stage 2 standalone ending expert-call scene,Somyeongi phones a gas expert outdoors with right-side copy safe area,AI reference-guided generation,"approved sunset walkway; approved Somyeongi phone pose",project-use pending contest terms,image_gen built-in,production/game/prompts/stage2-ending-standalone-scenes-v2.md,"generated independently at full 16:9; PNG master preserved; WebP quality 92 runtime; CSS speech component supplies all copy",GS-LEAK-02 verified; phone use occurs outdoors after ventilation,webgame-prototype/assets/stage-2/ending/ending-scene-call-v2.webp,1672x941,251160,b4a81d149e30a7029c5c2b93968cd99c3f728add95dfdc5cef2e403c5e73999e,prototype-art-review
stage2-ending-scene-complete-v2,Stage 2 standalone ending request-complete scene,Somyeongi confirms expert inspection request with right-side result safe area,AI reference-guided generation,"approved sunset walkway; approved Somyeongi ending and phone poses",project-use pending contest terms,image_gen built-in,production/game/prompts/stage2-ending-standalone-scenes-v2.md,"generated independently at full 16:9; PNG master preserved; WebP quality 92 runtime; CSS result component supplies all copy",GS-LEAK-02 verified; completion means inspection requested not repair completed,webgame-prototype/assets/stage-2/ending/ending-scene-complete-v2.webp,1672x941,270828,306eaa2c5903f536ac28e4a631488b543148aa82115fd4c4ddb9bde733eb4531,prototype-art-review
jua-regular-font-v1,Result-screen Korean display font,regular,open-source font,https://github.com/google/fonts/tree/main/ofl/jua,SIL Open Font License 1.1,none,,"official TTF and OFL text copied from Google Fonts; self-hosted for offline static execution",not safety-significant,webgame-prototype/assets/common/fonts/jua/Jua-Regular.ttf,font,2119352,769677aef240bfc3b9965f2b50748075bff885e6c6992fc591a3fb268279f898,approved
jua-font-license-v1,Jua font license text,OFL 1.1,open-source license,https://github.com/google/fonts/tree/main/ofl/jua,SIL Open Font License 1.1,none,,"unmodified license text stored beside the runtime font",not safety-significant,webgame-prototype/assets/common/fonts/jua/OFL.txt,text,4342,44a7c6e4c5572392ae122d3b1d8c6ba6fd640a7797e675384585d947f2773e3c,approved
result-valve-integrated-v1,Ending Stage 1 valve result icon,locked valve crop matching the Stage 2 pipe illustration,deterministic crop and resize,webgame-prototype/assets/stage-2/props/prop-stage2-gas-pipe-integrated-v2.png,project-use pending contest terms,none,,"cropped from the shared integrated pipe PNG around the valve; trimmed resized and padded on a transparent canvas without stretching",GS-OUTING-01 locked left-facing state preserved,webgame-prototype/assets/common/props/result-valve-integrated-v1.png,459x512,177198,ce34f466aaf035204899baf0b05dda3a73a676f283d414f2c16cffd5694a8552,prototype-art-review
sfx-ending-phone-dial-v1,Ending comic phone keypad cue,four realistic DTMF key presses,procedurally generated PCM audio,production/game/scripts/generate-phone-dial-previews.cjs,project-owned,none,,"selected preview 01; four dual-frequency keypad tones; mono PCM WAV at 44.1kHz; runtime volume raised for ending-scene clarity",not safety-significant,webgame-prototype/assets/common/audio/sfx-ending-phone-dial-v1.wav,0.970s,85598,cb644d22a8fdb23309880438ba45265dbf2786c2a1614d11e332d35d34c73495,prototype-audio-review
sfx-ending-phone-ring-v1,Ending comic expert-call ring cue,real phone ringing sound,Pixabay community audio,https://pixabay.com/sound-effects/film-special-effects-phone-ringing-382734/,Pixabay Content License,DRAGON-STUDIO,,"first 2.80 seconds selected; runtime playback volume raised for ending-scene clarity; 0.25-second fade-out; mono MP3 encoded at 96kbps; original preserved under production/game/audio-originals/pixabay",not safety-significant,webgame-prototype/assets/common/audio/sfx-ending-phone-ring-v1.mp3,2.800s,34526,b0416694ee8cdd6d615bfd7f5dc7e132d9932c56ca4721a08a7496bb5a529b97,prototype-audio-approved
sfx-ending-footsteps-v1,Ending comic walking cue,three-step sequence derived from a single real footstep,Pixabay community audio,https://pixabay.com/sound-effects/film-special-effects-st1-footstep-sfx-323053/,Pixabay Content License,Data_pion,,"the 0.418-second one-step source was repeated three times at 0.36-second intervals; volume reduced; 0.10-second fade-out; mono MP3 encoded at 96kbps; original preserved under production/game/audio-originals/pixabay",not safety-significant,webgame-prototype/assets/common/audio/sfx-ending-footsteps-v1.mp3,1.138s,14464,cf267b5d22f8e899ee7de1531e64dcfb8e6126ca6aee5394e6b2fa10d965de5f,prototype-audio-approved
stage2-ending-scene-dial-v5,Stage 2 coherent outgoing-call dial-pad scene,Somyeongi taps a smartphone keypad outdoors at sunset,AI full-scene regeneration,discarded stage2 ending dial visual reference,project-use pending contest terms,image_gen built-in,production/game/prompts/stage2-ending-dial-scene-v5.md,"entire phone paws keypad lighting and perspective regenerated as one illustration; PNG master preserved; WebP quality 92 runtime",not safety-significant,webgame-prototype/assets/stage-2/ending/ending-scene-dial-v5.webp,1672x941,163142,6292c0c289d72261833b1060418944497a13f3c02a5c9f314363b0d8a7e92733,prototype-art-review
rules-guidebook-summary-chroma-v1,Safety rules summary guidebook chroma master,blank two-page infographic with three left rows and two right rows,AI reference-guided precise-object edit,approved open-guidebook preview concept,project-use pending contest terms,image_gen built-in,production/game/prompts/rules-guidebook-summary-v1.md,"small slots and scene pictures removed; blank yellow and blue section ribbons retained; generated on uniform chroma green",not safety-significant; all copy and item art remain live HTML,webgame-prototype/assets/masters/common/ui/rules-guidebook-summary-chroma-v1.png,1671x941,1483843,cf1d059bea0b4b365d938cef191e9057076935a18c141c18fc7ca755ad2a9b7b,prototype-art-review
rules-guidebook-summary-v1,Safety rules summary guidebook runtime layer,transparent two-page infographic with three left rows and two right rows,deterministic connected chroma edge-to-alpha conversion,webgame-prototype/assets/masters/common/ui/rules-guidebook-summary-chroma-v1.png,project-use pending contest terms,none,production/game/prompts/rules-guidebook-summary-v1.md,"full 1671x941 canvas preserved; live HTML section labels icons titles and safety copy overlay the blank guidebook",not safety-significant; all copy and item art remain live HTML,webgame-prototype/assets/common/ui/rules-guidebook-summary-v1.png,1671x941,1719803,437dd07e821cae8e947f73d80f9bbdece3095b3254a63723326eba0b68dd5396,prototype-art-review
bgm-stage2-v1,Stage 2 background music,wordless sunset-stage loop,user-provided AI-generated audio,,project-use pending contest terms,Google Gemini,,"user selected Amber_Room_Discovery.mp3 as Stage 2 track; copied without audio processing",not safety-significant,webgame-prototype/assets/common/audio/bgm-stage2-v1.mp3,90.410s,2175911,30cb3ac463a4b29638d5762278ee5d3defc7b4104b7adf1c1de44decca9a2b88,prototype-audio-review
sfx-outing-door-shut-v1,Stage 1 to Stage 2 door-closing cue,short household door shut,Pixabay community audio,https://pixabay.com/sound-effects/household-door-shut-586825/,Pixabay Content License,SpyderST,,"downloaded from the user-selected source; copied without audio processing; followed by the existing footsteps cue",not safety-significant,webgame-prototype/assets/common/audio/sfx-outing-door-shut-v1.mp3,1.032s,33024,ef5f6917ea8ba2c1ba7eaf02cf408b0e311f30e4f507d03fea263240c84566e8,prototype-audio-review
sfx-stage2-leak-warning-v1,Stage 2 leak-suspicion warning cue,urgent alert tone slowed to three pulses,edited Mixkit community audio,https://mixkit.co/free-sound-effects/alerts/,Mixkit License,Mixkit,production/game/scripts/edit-urgent-tone-loop.py,"source mixkit-urgent-simple-tone-loop-2976.wav; first three 0.30-second pulses respaced to 0.68-second intervals with short fades and descending gain",not safety-significant,webgame-prototype/assets/common/audio/sfx-stage2-leak-warning-v1.wav,1.740s,306980,7b094fbf29017055ce37dd7c459bee5135dfce2b65343444ca9820aa2bf27c1f,prototype-audio-review
